<?xml version="1.0"?>
<document>
<header><title>Apache Lucene - System Requirements</title></header>
<properties>
<author email="gsingers@apache.org">Grant Ingersoll, Uwe Schindler</author>
</properties>
<body>
    <!-- <section id="Code Coverage"><title>Code Coverage</title>
       <p>Code Coverage reports are available <a
       href="">here</a></p>
   </section> -->
<section id="System Requirements"><title>System Requirements</title>
<p>
    Lucene Java has the following minimum requirements:
    <ul>
        <li>Java 1.5.x or greater.</li>
        <li>ANT 1.7.0 or greater.</li>
        <li>JUnit 3.8.2 if you wish to run the unit tests.</li>
        <li>CPU, Disk and Memory requirements are based on the many choices made in implementing Lucene (document size, number of documents, and number of hits retrieved to name a few.)
            The benchmarks page has some information related to performance on particular platforms.</li>
    </ul>
</p>
<p>Contrib modules may have other requirements, refer to their documentation and build files for information.</p>

</section>


</body>
</document>
